<?xml version="1.0" encoding="UTF-8"?><?xml-stylesheet type='text/xsl' href='_UpgradeReport_Files/UpgradeReport.xslt'?><UpgradeLog>
<Properties><Property Name="Solution" Value="Steganography">
</Property><Property Name="Solution File" Value="D:\LARGE\True Crypt\Steganography.sln">
</Property><Property Name="Date" Value="Monday, December 02, 2013">
</Property><Property Name="Time" Value="9:22 AM">
</Property></Properties><Event ErrorLevel="1" Project="Steganography" Source="Steganography.csproj" Description="Your project is targeting .NET Framework 2.0 or 3.0. If your project uses assemblies requiring a newer .NET Framework, your project will fail to build. You can change the .NET Framework version by clicking Properties on the project menu and then selecting a new version in the '.NET Framework' dropdown box. (In Visual Basic, this is located on the Compile tab by clicking the 'Advanced Compiler Options...' button.)">
</Event><Event ErrorLevel="0" Project="Steganography" Source="Steganography.csproj" Description="Project converted successfully">
</Event><Event ErrorLevel="3" Project="Steganography" Source="Steganography.csproj" Description="Converted">
</Event><Event ErrorLevel="0" Project="" Source="Steganography.sln" Description="Solution converted successfully">
</Event><Event ErrorLevel="3" Project="" Source="Steganography.sln" Description="Converted">
</Event><Event ErrorLevel="0" Project="Steganography" Source="Steganography.csproj" Description="Scan complete: Upgrade not required for project files.">
</Event></UpgradeLog>